{"Train Loss":0.817653489112854,"Epoch":50,"_timestamp":1.7407004424202456e+09,"_wandb":{"runtime":112},"_runtime":112.895661155,"_step":149}