{"_step":999,"LR":[0.0009842915805643156],"_wandb":{"runtime":466},"Train Loss":0.33505321145057676,"_timestamp":1.740701279074459e+09,"_runtime":466.423558808}